Filter,URL
Lowest Price Earning Ratio (PER),https://blog.investingnote.com/?p=9878#lowest-price-earnings-ratio-per
Highest Dividend Yield,https://blog.investingnote.com/?p=9878#highest-dividend-yield
Highest Discount To NAV,https://blog.investingnote.com/?p=9878#highest-discount-to-nav
Highest Discount to Cash Value,https://blog.investingnote.com/?p=9878#highest-discount-to-cash-value
Highest Dividend Payout,https://blog.investingnote.com/?p=9878#highest-dividend-payout
Smallest Market Cap,https://blog.investingnote.com/?p=9878#smallest-market-cap
Largest Market Cap,https://blog.investingnote.com/?p=9878#largest-market-cap
Best Shareholders Returns (3 Years),https://blog.investingnote.com/?p=9878#best-shareholders-returns-3-years
Best Shareholders Returns (5 Years),https://blog.investingnote.com/?p=9878#best-shareholders-returns-5-years
Highest Return On Assets (ROA),https://blog.investingnote.com/?p=9878#highest-return-on-assetsroa
Highest Return On Equity (ROE),https://blog.investingnote.com/?p=9878#highest-return-on-equityroe
Highest Earnings Margin,https://blog.investingnote.com/?p=9878#highest-earnings-margin
Highest Revenue Growth,https://blog.investingnote.com/?p=9878#highest-revenue-growth
Lowest Debt To Equity Ratio,https://blog.investingnote.com/?p=9878#lowest-debt-to-equity-ratio
Highest Debt To Equity Ratio,https://blog.investingnote.com/?p=9878#highest-debt-to-equity-ratio
Lowest Long Term Beta,https://blog.investingnote.com/?p=9878#lowest-long-term-beta
Highest Long Term Beta,https://blog.investingnote.com/?p=9878#highest-long-term-beta
Lowest Short Term Beta,https://blog.investingnote.com/?p=9878#lowest-short-term-beta
Highest Short Term Beta,https://blog.investingnote.com/?p=9878#highest-short-term-beta
Stocks Hitting 52 Weeks Lows,https://blog.investingnote.com/?p=9878#stocks-hitting-52-weeks-lows
Stocks Hitting 52 Weeks Highs,https://blog.investingnote.com/?p=9878#stocks-hitting-52-weeks-highs
Highest Revenue CAGR (3 Years),https://blog.investingnote.com/?p=9878#highest-earnings-cagr-3-years
Highest Revenue CAGR (5 Years),https://blog.investingnote.com/?p=9878#highest-earnings-cagr-5-years
Highest Earnings CAGR (3 Years),https://blog.investingnote.com/?p=9878#highest-dps-cagr-3-years
Highest Earnings CAGR (5 Years),https://blog.investingnote.com/?p=9878#highest-dps-cagr-5-years
Best % Change,https://blog.investingnote.com/?p=9878#best-%-change
Worst % Change,https://blog.investingnote.com/?p=9878#worst-%-change
Best Absolute Change,https://blog.investingnote.com/?p=9878#best-absolute-change
Best Absolute Change,https://blog.investingnote.com/?p=9878#worst-absolute-change
Worst Absolute Change,https://blog.investingnote.com/?p=9878#worst-absolute-change
Lowest Trailing PE,https://blog.investingnote.com/?p=9878#lowest-trailing-pe
Highest Trailing PE,https://blog.investingnote.com/?p=9878#highest-trailing-pe
Warrants,https://blog.investingnote.com/?p=9878#cheapest-warrants
